adm_cd,district,dong,area_km2,green_ratio_pct,impervious_ratio_pct,elderly_ratio_pct_district,cooling_shelter_total,cooling_shelter_operating,cooling_shelter_anyone,cooling_shelter_capacity,cooling_shelter_density_per_10km2,cooling_shelter_accessible_ratio_pct,shade_shelter_count_district,shade_shelter_density_per_10km2_district,summer_mobility_weekly_avg_district,summer_mobility_per_resident_district,uv_published_at,uv_h3,uv_h6,uv_h24,component_impervious_risk,component_green_deficit,component_elderly_sensitivity,component_cooling_shelter_density_deficit,component_cooling_shelter_access_deficit,component_shade_shelter_density_deficit,normalized_component_count,normalized_score_sum,normalized_score_mean,score_component_coverage,score,risk_level,core_data_complete
22010540,중구,삼덕동,0.6439,5.9181,87.5782,19.65,8,8,5,223.0,124.2459,62.5,92,130.5217,266379.77,3.0776,2026072806,5.0,8.0,2.0,0.8868,0.9428,0.1416,0.4891,0.375,0.0,6,2.8353,0.4726,1.0,47.26,low,True
22010560,중구,성내1동,0.7753,2.7604,91.56,19.65,7,7,5,390.0,90.2822,71.43,92,130.5217,266379.77,3.0776,2026072806,5.0,8.0,2.0,0.9279,0.9784,0.1416,0.6293,0.2857,0.0,6,2.9629,0.4938,1.0,49.38,low,True
22010590,중구,성내2동,0.9399,5.2182,90.2782,19.65,9,9,5,354.0,95.7552,55.56,92,130.5217,266379.77,3.0776,2026072806,5.0,8.0,2.0,0.9147,0.9507,0.1416,0.6067,0.4444,0.0,6,3.0581,0.5097,1.0,50.97,low,True
22010610,중구,성내3동,0.7503,18.1477,76.501,19.65,6,6,3,412.0,79.9706,50.0,92,130.5217,266379.77,3.0776,2026072806,5.0,8.0,2.0,0.7724,0.8046,0.1416,0.6719,0.5,0.0,6,2.8905,0.4817,1.0,48.17,low,True
22010620,중구,대신동,0.4939,7.2297,89.5031,19.65,8,8,3,315.0,161.9827,37.5,92,130.5217,266379.77,3.0776,2026072806,5.0,8.0,2.0,0.9067,0.928,0.1416,0.3333,0.625,0.0,6,2.9346,0.4891,1.0,48.91,low,True
22010640,중구,남산1동,0.3842,3.5709,90.6915,19.65,6,6,3,237.0,156.1507,50.0,92,130.5217,266379.77,3.0776,2026072806,5.0,8.0,2.0,0.9189,0.9693,0.1416,0.3574,0.5,0.0,6,2.8872,0.4812,1.0,48.12,low,True
22010650,중구,남산2동,0.3743,5.9954,91.2349,19.65,8,8,3,453.0,213.7338,37.5,92,130.5217,266379.77,3.0776,2026072806,5.0,8.0,2.0,0.9245,0.9419,0.1416,0.1197,0.625,0.0,6,2.7527,0.4588,1.0,45.88,low,True
22010660,중구,남산3동,0.4023,14.718,77.1774,19.65,5,5,2,235.0,124.2778,40.0,92,130.5217,266379.77,3.0776,2026072806,5.0,8.0,2.0,0.7794,0.8434,0.1416,0.489,0.6,0.0,6,2.8534,0.4756,1.0,47.56,low,True
22010670,중구,남산4동,0.4532,18.3991,79.994,19.65,11,11,3,134.0,242.7411,27.27,92,130.5217,266379.77,3.0776,2026072806,5.0,8.0,2.0,0.8085,0.8018,0.1416,0.0,0.7273,0.0,6,2.4792,0.4132,1.0,41.32,low,True
22010680,중구,대봉1동,0.5542,7.5008,82.5537,19.65,5,5,1,130.0,90.2233,20.0,92,130.5217,266379.77,3.0776,2026072806,5.0,8.0,2.0,0.8349,0.9249,0.1416,0.6295,0.8,0.0,6,3.3309,0.5552,1.0,55.52,moderate,True
22010690,중구,대봉2동,0.2824,2.9428,89.2561,19.65,5,5,1,90.0,177.0837,20.0,92,130.5217,266379.77,3.0776,2026072806,5.0,8.0,2.0,0.9041,0.9764,0.1416,0.271,0.8,0.0,6,3.0931,0.5155,1.0,51.55,low,True
22010700,중구,동인동,0.9948,7.3724,83.8117,19.65,10,10,6,251.0,100.5232,60.0,92,130.5217,266379.77,3.0776,2026072806,5.0,7.0,2.0,0.8479,0.9263,0.1416,0.587,0.4,0.0,6,2.9028,0.4838,1.0,48.38,low,True
22020510,동구,신암1동,0.6178,9.922,88.6966,22.15,2,2,1,22.0,32.3733,50.0,70,3.8514,882448.19,2.5862,2026072806,5.0,7.0,2.0,0.8983,0.8975,0.22,0.8683,0.5,0.9961,6,4.3802,0.73,1.0,73.0,critical,True
22020520,동구,신암2동,0.3604,14.2586,84.1365,22.15,3,3,2,118.0,83.2354,66.67,70,3.8514,882448.19,2.5862,2026072806,5.0,7.0,2.0,0.8512,0.8485,0.22,0.6584,0.3333,0.9961,6,3.9075,0.6512,1.0,65.12,critical,True
22020530,동구,신암3동,0.6021,7.6912,85.2598,22.15,5,5,3,180.0,83.0361,60.0,70,3.8514,882448.19,2.5862,2026072806,5.0,7.0,2.0,0.8628,0.9227,0.22,0.6592,0.4,0.9961,6,4.0608,0.6768,1.0,67.68,critical,True
22020540,동구,신암4동,1.1493,12.0355,78.3245,22.15,5,5,3,209.0,43.5049,60.0,70,3.8514,882448.19,2.5862,2026072806,5.0,7.0,2.0,0.7912,0.8737,0.22,0.8224,0.4,0.9961,6,4.1034,0.6839,1.0,68.39,critical,True
22020550,동구,신암5동,0.5265,12.2004,78.4562,22.15,4,4,3,265.0,75.9764,75.0,70,3.8514,882448.19,2.5862,2026072806,5.0,7.0,2.0,0.7926,0.8718,0.22,0.6883,0.25,0.9961,6,3.8188,0.6365,1.0,63.65,high,True
22020560,동구,신천1·2동,0.4458,9.8668,88.6107,22.15,3,3,3,89.0,67.2906,100.0,70,3.8514,882448.19,2.5862,2026072806,5.0,8.0,2.0,0.8974,0.8982,0.22,0.7242,0.0,0.9961,6,3.7359,0.6227,1.0,62.27,high,True
22020580,동구,신천3동,0.7416,3.6841,92.6159,22.15,5,5,5,190.0,67.4251,100.0,70,3.8514,882448.19,2.5862,2026072806,5.0,7.0,2.0,0.9388,0.968,0.22,0.7236,0.0,0.9961,6,3.8465,0.6411,1.0,64.11,high,True
22020590,동구,신천4동,0.7883,4.507,87.9476,22.15,3,3,2,160.0,38.0564,66.67,70,3.8514,882448.19,2.5862,2026072806,5.0,8.0,2.0,0.8906,0.9587,0.22,0.8449,0.3333,0.9961,6,4.2436,0.7073,1.0,70.73,critical,True
22020600,동구,효목1동,1.3224,16.3715,75.7202,22.15,3,3,2,78.0,22.6862,66.67,70,3.8514,882448.19,2.5862,2026072806,6.0,7.0,2.0,0.7643,0.8247,0.22,0.9083,0.3333,0.9961,6,4.0467,0.6744,1.0,67.44,critical,True
22020610,동구,효목2동,0.7776,3.5226,90.0794,22.15,6,6,5,141.0,77.165,83.33,70,3.8514,882448.19,2.5862,2026072806,6.0,7.0,2.0,0.9126,0.9698,0.22,0.6834,0.1667,0.9961,6,3.9486,0.6581,1.0,65.81,critical,True
22020620,동구,도평동,21.2968,84.3376,5.3099,22.15,1,1,1,83.0,0.4696,100.0,70,3.8514,882448.19,2.5862,2026072806,6.0,7.0,2.0,0.0373,0.0568,0.22,1.0,0.0,0.9961,6,2.3102,0.385,1.0,38.5,low,True
22020630,동구,불로·봉무동,7.6148,51.3824,30.1307,22.15,6,6,4,195.0,7.8794,66.67,70,3.8514,882448.19,2.5862,2026072806,6.0,7.0,2.0,0.2936,0.4291,0.22,0.9694,0.3333,0.9961,6,3.2415,0.5403,1.0,54.02,moderate,True
22020650,동구,지저동,2.2664,46.1463,38.695,22.15,2,2,2,31.0,8.8247,100.0,70,3.8514,882448.19,2.5862,2026072806,6.0,7.0,2.0,0.382,0.4883,0.22,0.9655,0.0,0.9961,6,3.0519,0.5086,1.0,50.86,low,True
22020660,동구,동촌동,3.2439,61.0428,31.3045,22.15,6,6,3,166.0,18.4962,50.0,70,3.8514,882448.19,2.5862,2026072806,6.0,7.0,2.0,0.3057,0.32,0.22,0.9256,0.5,0.9961,6,3.2674,0.5446,1.0,54.46,moderate,True
22020680,동구,방촌동,1.3304,18.2276,61.5219,22.15,7,7,5,220.0,52.6142,71.43,70,3.8514,882448.19,2.5862,2026072806,6.0,7.0,2.0,0.6177,0.8037,0.22,0.7848,0.2857,0.9961,6,3.708,0.618,1.0,61.8,high,True
22020690,동구,해안동,13.2704,56.8003,15.766,22.15,6,6,2,220.0,4.5214,33.33,70,3.8514,882448.19,2.5862,2026072806,6.0,7.0,2.0,0.1453,0.3679,0.22,0.9833,0.6667,0.9961,6,3.3793,0.5632,1.0,56.32,moderate,True
22020710,동구,공산동,83.5259,82.5816,5.7278,22.15,5,5,3,337.0,0.5986,60.0,70,3.8514,882448.19,2.5862,2026072806,6.0,7.0,2.0,0.0416,0.0767,0.22,0.9995,0.4,0.9961,6,2.7339,0.4557,1.0,45.57,low,True
22020730,동구,안심1동,3.3062,19.0524,66.392,22.15,6,6,5,337.0,18.148,83.33,70,3.8514,882448.19,2.5862,2026072806,6.0,8.0,2.0,0.668,0.7944,0.22,0.927,0.1667,0.9961,6,3.7722,0.6287,1.0,62.87,high,True
22020740,동구,안심2동,13.4294,72.0648,17.9272,22.15,4,4,2,102.0,2.9785,50.0,70,3.8514,882448.19,2.5862,2026072806,6.0,7.0,2.0,0.1676,0.1955,0.22,0.9896,0.5,0.9961,6,3.0688,0.5115,1.0,51.15,low,True
22020760,동구,안심3동,5.9513,25.2987,27.8415,22.15,2,2,2,40.0,3.3606,100.0,70,3.8514,882448.19,2.5862,2026072806,6.0,7.0,2.0,0.2699,0.7238,0.22,0.9881,0.0,0.9961,6,3.1979,0.533,1.0,53.3,moderate,True
22020770,동구,안심4동,2.6186,11.5581,71.4952,22.15,8,8,6,275.0,30.5508,75.0,70,3.8514,882448.19,2.5862,2026072806,6.0,7.0,2.0,0.7207,0.8791,0.22,0.8758,0.25,0.9961,6,3.9417,0.657,1.0,65.7,critical,True
22020780,동구,혁신동,16.5685,77.6294,13.2469,22.15,5,5,5,100.0,3.0178,100.0,70,3.8514,882448.19,2.5862,2026072806,6.0,7.0,2.0,0.1192,0.1326,0.22,0.9895,0.0,0.9961,6,2.4574,0.4096,1.0,40.96,low,True
22030510,서구,내당1동,0.5801,10.7482,79.0285,25.83,2,2,2,198.0,34.4765,100.0,66,37.8824,507171.08,3.0855,2026072806,5.0,8.0,2.0,0.7985,0.8882,0.3353,0.8596,0.0,0.7285,6,3.6101,0.6017,1.0,60.17,moderate,True
22030520,서구,내당2·3동,0.4987,1.5646,95.4615,25.83,9,9,4,492.0,180.4799,44.44,66,37.8824,507171.08,3.0855,2026072806,5.0,8.0,2.0,0.9682,0.992,0.3353,0.257,0.5556,0.7285,6,3.8366,0.6394,1.0,63.94,high,True
22030530,서구,내당4동,0.7873,5.4984,90.6172,25.83,2,2,1,400.0,25.4044,50.0,66,37.8824,507171.08,3.0855,2026072806,5.0,8.0,2.0,0.9182,0.9475,0.3353,0.8971,0.5,0.7285,6,4.3266,0.7211,1.0,72.11,critical,True
22030540,서구,비산1동,0.4411,3.3198,94.2874,25.83,7,7,2,309.0,158.6815,28.57,66,37.8824,507171.08,3.0855,2026072806,5.0,8.0,2.0,0.9561,0.9721,0.3353,0.347,0.7143,0.7285,6,4.0533,0.6755,1.0,67.55,critical,True
22030550,서구,비산2·3동,0.545,2.2359,96.0838,25.83,9,9,5,552.0,165.136,55.56,66,37.8824,507171.08,3.0855,2026072806,5.0,8.0,2.0,0.9746,0.9844,0.3353,0.3203,0.4444,0.7285,6,3.7875,0.6312,1.0,63.12,high,True
22030560,서구,비산4동,0.4105,0.9455,96.3214,25.83,6,6,3,289.0,146.162,50.0,66,37.8824,507171.08,3.0855,2026072806,5.0,8.0,2.0,0.9771,0.999,0.3353,0.3986,0.5,0.7285,6,3.9385,0.6564,1.0,65.64,critical,True
22030570,서구,비산5동,0.3419,2.3522,95.8151,25.83,5,5,3,408.0,146.2525,60.0,66,37.8824,507171.08,3.0855,2026072806,5.0,8.0,2.0,0.9718,0.9831,0.3353,0.3983,0.4,0.7285,6,3.817,0.6362,1.0,63.62,high,True
22030580,서구,비산6동,0.2763,1.0671,98.5434,25.83,3,3,1,154.0,108.5754,33.33,66,37.8824,507171.08,3.0855,2026072806,5.0,8.0,2.0,1.0,0.9976,0.3353,0.5538,0.6667,0.7285,6,4.2819,0.7137,1.0,71.36,critical,True
22030590,서구,비산7동,2.8536,11.1863,75.8502,25.83,3,3,2,614.0,10.5132,66.67,66,37.8824,507171.08,3.0855,2026072806,5.0,8.0,2.0,0.7657,0.8833,0.3353,0.9585,0.3333,0.7285,6,4.0046,0.6674,1.0,66.74,critical,True
22030600,서구,평리1동,0.3851,0.8529,97.868,25.83,6,6,2,597.0,155.7876,33.33,66,37.8824,507171.08,3.0855,2026072806,5.0,8.0,2.0,0.993,1.0,0.3353,0.3589,0.6667,0.7285,6,4.0824,0.6804,1.0,68.04,critical,True
22030610,서구,평리2동,0.2908,4.1254,92.7218,25.83,6,6,2,435.0,206.3435,33.33,66,37.8824,507171.08,3.0855,2026072806,5.0,8.0,2.0,0.9399,0.963,0.3353,0.1502,0.6667,0.7285,6,3.7836,0.6306,1.0,63.06,high,True
22030620,서구,평리3동,0.7846,7.3444,90.7444,25.83,6,6,3,431.0,76.4749,50.0,66,37.8824,507171.08,3.0855,2026072806,5.0,8.0,2.0,0.9195,0.9267,0.3353,0.6863,0.5,0.7285,6,4.0963,0.6827,1.0,68.27,critical,True
22030630,서구,평리4동,0.7366,3.4791,93.9386,25.83,9,9,3,305.0,122.189,33.33,66,37.8824,507171.08,3.0855,2026072806,5.0,8.0,2.0,0.9525,0.9703,0.3353,0.4976,0.6667,0.7285,6,4.1509,0.6918,1.0,69.18,critical,True
22030640,서구,평리5동,0.4191,13.0618,71.0507,25.83,4,4,3,383.0,95.4454,75.0,66,37.8824,507171.08,3.0855,2026072806,5.0,8.0,2.0,0.7161,0.8621,0.3353,0.608,0.25,0.7285,6,3.5,0.5833,1.0,58.33,moderate,True
22030650,서구,평리6동,0.7153,8.3953,88.9334,25.83,1,1,1,64.0,13.9798,100.0,66,37.8824,507171.08,3.0855,2026072806,5.0,8.0,2.0,0.9008,0.9148,0.3353,0.9442,0.0,0.7285,6,3.8236,0.6373,1.0,63.73,high,True
22030660,서구,상중이동,6.751,33.278,62.3562,25.83,6,6,4,649.0,8.8876,66.67,66,37.8824,507171.08,3.0855,2026072806,5.0,8.0,2.0,0.6263,0.6337,0.3353,0.9653,0.3333,0.7285,6,3.6224,0.6037,1.0,60.37,moderate,True
22030680,서구,원대동,0.6055,5.9762,91.6399,25.83,4,4,4,140.0,66.0646,100.0,66,37.8824,507171.08,3.0855,2026072806,5.0,8.0,2.0,0.9287,0.9421,0.3353,0.7292,0.0,0.7285,6,3.6638,0.6106,1.0,61.06,high,True
22040510,남구,이천동,1.0827,27.1719,62.844,25.89,5,4,3,126.0,36.9438,75.0,48,26.939,398483.19,2.8385,2026072806,5.0,8.0,2.0,0.6314,0.7027,0.3372,0.8494,0.25,0.8145,6,3.5852,0.5975,1.0,59.75,moderate,True
22040530,남구,봉덕1동,0.5266,2.4728,97.0485,25.89,7,7,5,188.0,132.9402,71.43,48,26.939,398483.19,2.8385,2026072806,5.0,8.0,2.0,0.9846,0.9817,0.3372,0.4532,0.2857,0.8145,6,3.8569,0.6428,1.0,64.28,high,True
22040540,남구,봉덕2동,3.2585,74.823,22.1981,25.89,3,2,2,122.0,6.1378,100.0,48,26.939,398483.19,2.8385,2026072806,5.0,8.0,2.0,0.2117,0.1643,0.3372,0.9766,0.0,0.8145,6,2.5043,0.4174,1.0,41.74,low,True
22040550,남구,봉덕3동,2.6606,65.4191,32.2269,25.89,3,3,1,102.0,11.2757,33.33,48,26.939,398483.19,2.8385,2026072806,5.0,8.0,2.0,0.3152,0.2706,0.3372,0.9554,0.6667,0.8145,6,3.3596,0.5599,1.0,55.99,moderate,True
22040560,남구,대명1동,0.4785,4.1236,94.9885,25.89,4,4,2,66.0,83.5898,50.0,48,26.939,398483.19,2.8385,2026072806,5.0,8.0,2.0,0.9633,0.963,0.3372,0.6569,0.5,0.8145,6,4.2349,0.7058,1.0,70.58,critical,True
22040570,남구,대명2동,0.8601,11.9412,76.7017,25.89,4,4,2,240.0,46.5054,50.0,48,26.939,398483.19,2.8385,2026072806,5.0,8.0,2.0,0.7745,0.8747,0.3372,0.81,0.5,0.8145,6,4.1109,0.6852,1.0,68.52,critical,True
22040580,남구,대명3동,0.988,7.9151,78.8505,25.89,2,2,1,49.0,20.2427,50.0,48,26.939,398483.19,2.8385,2026072806,5.0,8.0,2.0,0.7967,0.9202,0.3372,0.9184,0.5,0.8145,6,4.287,0.7145,1.0,71.45,critical,True
22040590,남구,대명4동,0.7294,6.8624,91.6862,25.89,4,4,2,148.0,54.8371,50.0,48,26.939,398483.19,2.8385,2026072806,5.0,8.0,2.0,0.9292,0.9321,0.3372,0.7756,0.5,0.8145,6,4.2886,0.7148,1.0,71.48,critical,True
22040600,남구,대명5동,0.8856,26.1469,61.9795,25.89,3,3,2,56.0,33.8765,66.67,48,26.939,398483.19,2.8385,2026072806,5.0,8.0,2.0,0.6224,0.7142,0.3372,0.8621,0.3333,0.8145,6,3.6837,0.6139,1.0,61.39,high,True
22040610,남구,대명6동,1.8188,64.3343,32.8044,25.89,4,4,2,88.0,21.9924,50.0,48,26.939,398483.19,2.8385,2026072806,5.0,8.0,2.0,0.3212,0.2828,0.3372,0.9112,0.5,0.8145,6,3.1669,0.5278,1.0,52.78,low,True
22040640,남구,대명9동,3.0933,63.1075,34.8772,25.89,4,4,2,79.0,12.9314,50.0,48,26.939,398483.19,2.8385,2026072806,5.0,8.0,2.0,0.3426,0.2967,0.3372,0.9486,0.5,0.8145,6,3.2396,0.5399,1.0,53.99,moderate,True
22040650,남구,대명10동,0.5316,9.7706,88.7734,25.89,5,5,2,644.0,94.0535,40.0,48,26.939,398483.19,2.8385,2026072806,5.0,8.0,2.0,0.8991,0.8993,0.3372,0.6137,0.6,0.8145,6,4.1638,0.694,1.0,69.4,critical,True
22040660,남구,대명11동,0.9043,36.1796,60.9653,25.89,2,2,1,24.0,22.1157,50.0,48,26.939,398483.19,2.8385,2026072806,5.0,8.0,2.0,0.612,0.6009,0.3372,0.9107,0.5,0.8145,6,3.7753,0.6292,1.0,62.92,high,True
22050510,북구,고성동,0.5283,6.3197,90.31,17.16,5,5,5,215.0,94.6461,100.0,157,16.7424,1164711.85,2.7398,2026072806,5.0,7.0,2.0,0.915,0.9382,0.0636,0.6113,0.0,0.8947,6,3.4228,0.5705,1.0,57.05,moderate,True
22050520,북구,칠성동,1.3568,5.6459,84.3557,17.16,8,8,5,430.0,58.9625,62.5,157,16.7424,1164711.85,2.7398,2026072806,5.0,7.0,2.0,0.8535,0.9459,0.0636,0.7586,0.375,0.8947,6,3.8913,0.6486,1.0,64.86,critical,True
22050550,북구,침산1동,1.574,24.3303,61.29,17.16,3,3,1,148.0,19.06,33.33,157,16.7424,1164711.85,2.7398,2026072806,5.0,7.0,2.0,0.6153,0.7348,0.0636,0.9233,0.6667,0.8947,6,3.8984,0.6497,1.0,64.97,critical,True
22050560,북구,침산2동,0.7766,8.9553,83.1802,17.16,8,8,5,376.0,103.0168,62.5,157,16.7424,1164711.85,2.7398,2026072806,5.0,7.0,2.0,0.8414,0.9085,0.0636,0.5767,0.375,0.8947,6,3.6599,0.61,1.0,61.0,high,True
22050570,북구,침산3동,1.0364,16.6212,77.2607,17.16,6,6,5,507.0,57.8952,83.33,157,16.7424,1164711.85,2.7398,2026072806,5.0,7.0,2.0,0.7802,0.8219,0.0636,0.763,0.1667,0.8947,6,3.4901,0.5817,1.0,58.17,moderate,True
22050610,북구,산격1동,0.9469,31.7928,59.4213,17.16,5,5,4,458.0,52.8026,80.0,157,16.7424,1164711.85,2.7398,2026072806,5.0,7.0,2.0,0.596,0.6505,0.0636,0.784,0.2,0.8947,6,3.1888,0.5315,1.0,53.15,moderate,True
22050620,북구,산격2동,2.227,10.8643,77.643,17.16,7,7,6,292.0,31.4319,85.71,157,16.7424,1164711.85,2.7398,2026072806,5.0,7.0,2.0,0.7842,0.8869,0.0636,0.8722,0.1429,0.8947,6,3.6445,0.6074,1.0,60.74,high,True
22050630,북구,산격3동,1.1905,17.1167,79.7087,17.16,5,5,5,175.0,41.9978,100.0,157,16.7424,1164711.85,2.7398,2026072806,5.0,7.0,2.0,0.8055,0.8163,0.0636,0.8286,0.0,0.8947,6,3.4087,0.5681,1.0,56.81,moderate,True
22050640,북구,산격4동,0.7435,15.243,80.4681,17.16,2,2,2,140.0,26.9003,100.0,157,16.7424,1164711.85,2.7398,2026072806,5.0,7.0,2.0,0.8134,0.8374,0.0636,0.8909,0.0,0.8947,6,3.5,0.5833,1.0,58.33,moderate,True
22050650,북구,복현1동,0.4583,4.2574,89.8592,17.16,4,4,3,178.0,87.2809,75.0,157,16.7424,1164711.85,2.7398,2026072806,5.0,7.0,2.0,0.9103,0.9615,0.0636,0.6417,0.25,0.8947,6,3.7218,0.6203,1.0,62.03,high,True
22050660,북구,복현2동,1.7928,24.1838,62.4325,17.16,8,8,4,424.0,44.6221,50.0,157,16.7424,1164711.85,2.7398,2026072806,5.0,7.0,2.0,0.6271,0.7364,0.0636,0.8178,0.5,0.8947,6,3.6396,0.6066,1.0,60.66,moderate,True
22050700,북구,검단동,3.842,15.3907,44.7457,17.16,5,5,3,283.0,13.014,60.0,157,16.7424,1164711.85,2.7398,2026072806,5.0,7.0,2.0,0.4445,0.8358,0.0636,0.9482,0.4,0.8947,6,3.5868,0.5978,1.0,59.78,moderate,True
22050710,북구,무태조야동,22.9136,75.9659,13.1963,17.16,9,9,4,443.0,3.9278,44.44,157,16.7424,1164711.85,2.7398,2026072806,5.0,7.0,2.0,0.1187,0.1514,0.0636,0.9857,0.5556,0.8947,6,2.7697,0.4616,1.0,46.16,low,True
22050740,북구,태전2동,2.0213,42.8667,53.1657,17.16,3,3,2,64.0,14.842,66.67,157,16.7424,1164711.85,2.7398,2026072806,5.0,9.0,1.0,0.5314,0.5253,0.0636,0.9407,0.3333,0.8947,6,3.289,0.5482,1.0,54.82,moderate,True
22050750,북구,관문동,14.6991,68.3419,21.2886,17.16,3,3,3,290.0,2.0409,100.0,157,16.7424,1164711.85,2.7398,2026072806,5.0,8.0,2.0,0.2023,0.2375,0.0636,0.9935,0.0,0.8947,6,2.3916,0.3986,1.0,39.86,low,True
22050760,북구,읍내동,5.9144,67.9601,24.065,17.16,4,4,4,166.0,6.7632,100.0,157,16.7424,1164711.85,2.7398,2026072806,5.0,9.0,1.0,0.2309,0.2419,0.0636,0.974,0.0,0.8947,6,2.4051,0.4008,1.0,40.09,low,True
22050770,북구,관음동,2.9949,57.8961,32.4129,17.16,5,5,4,804.0,16.6953,80.0,157,16.7424,1164711.85,2.7398,2026072806,5.0,9.0,1.0,0.3171,0.3556,0.0636,0.933,0.2,0.8947,6,2.764,0.4607,1.0,46.07,low,True
22050780,북구,태전1동,2.434,45.5156,47.2693,17.16,4,4,3,339.0,16.434,75.0,157,16.7424,1164711.85,2.7398,2026072806,5.0,9.0,1.0,0.4706,0.4954,0.0636,0.9341,0.25,0.8947,6,3.1084,0.5181,1.0,51.81,low,True
22050790,북구,구암동,4.1623,64.6615,31.1256,17.16,7,7,5,474.0,16.8177,71.43,157,16.7424,1164711.85,2.7398,2026072806,5.0,9.0,1.0,0.3039,0.2791,0.0636,0.9325,0.2857,0.8947,6,2.7595,0.4599,1.0,45.99,low,True
22050810,북구,노원동,3.0321,2.5412,92.895,17.16,7,7,7,308.0,23.0865,100.0,157,16.7424,1164711.85,2.7398,2026072806,5.0,7.0,2.0,0.9417,0.9809,0.0636,0.9066,0.0,0.8947,6,3.7875,0.6312,1.0,63.12,high,True
22050820,북구,동천동,1.1181,9.7001,84.1264,17.16,2,2,2,114.0,17.8877,100.0,157,16.7424,1164711.85,2.7398,2026072806,5.0,9.0,1.0,0.8511,0.9,0.0636,0.9281,0.0,0.8947,6,3.6375,0.6063,1.0,60.63,moderate,True
22050830,북구,국우동,17.1484,73.9616,14.6917,17.16,4,4,2,137.0,2.3326,50.0,157,16.7424,1164711.85,2.7398,2026072806,5.0,9.0,1.0,0.1342,0.1741,0.0636,0.9923,0.5,0.8947,6,2.7589,0.4598,1.0,45.98,low,True
22050840,북구,대현동,0.863,7.771,89.129,17.16,11,11,4,445.0,127.4607,36.36,157,16.7424,1164711.85,2.7398,2026072806,5.0,7.0,2.0,0.9028,0.9218,0.0636,0.4758,0.6364,0.8947,6,3.8951,0.6492,1.0,64.92,critical,True
22060510,수성구,범어1동,1.1643,28.7388,63.1649,17.98,6,6,4,81.0,51.5331,66.67,110,14.3097,1133498.58,2.7439,2026072806,5.0,8.0,2.0,0.6347,0.685,0.0893,0.7892,0.3333,0.9139,6,3.4454,0.5742,1.0,57.42,moderate,True
22060520,수성구,범어2동,1.0253,18.2508,74.8807,17.98,6,6,4,123.0,58.5205,66.67,110,14.3097,1133498.58,2.7439,2026072806,5.0,8.0,2.0,0.7557,0.8034,0.0893,0.7604,0.3333,0.9139,6,3.656,0.6093,1.0,60.93,high,True
22060530,수성구,범어3동,0.5795,6.9209,91.0205,17.98,3,3,2,45.0,51.7694,66.67,110,14.3097,1133498.58,2.7439,2026072806,5.0,8.0,2.0,0.9223,0.9314,0.0893,0.7883,0.3333,0.9139,6,3.9785,0.6631,1.0,66.31,critical,True
22060540,수성구,범어4동,1.1006,29.5043,67.2083,17.98,7,7,4,466.0,63.6002,57.14,110,14.3097,1133498.58,2.7439,2026072806,6.0,8.0,2.0,0.6764,0.6763,0.0893,0.7394,0.4286,0.9139,6,3.5239,0.5873,1.0,58.73,moderate,True
22060550,수성구,만촌1동,2.7884,46.5807,49.0193,17.98,6,6,3,210.0,21.518,50.0,110,14.3097,1133498.58,2.7439,2026072806,6.0,7.0,2.0,0.4886,0.4834,0.0893,0.9131,0.5,0.9139,6,3.3883,0.5647,1.0,56.47,moderate,True
22060560,수성구,만촌2동,1.7779,46.1593,47.897,17.98,3,3,1,90.0,16.8741,33.33,110,14.3097,1133498.58,2.7439,2026072806,6.0,8.0,2.0,0.477,0.4882,0.0893,0.9323,0.6667,0.9139,6,3.5674,0.5946,1.0,59.46,moderate,True
22060570,수성구,만촌3동,1.7932,44.2439,48.4477,17.98,8,8,4,168.0,44.6117,50.0,110,14.3097,1133498.58,2.7439,2026072806,6.0,8.0,2.0,0.4827,0.5098,0.0893,0.8178,0.5,0.9139,6,3.3135,0.5523,1.0,55.23,moderate,True
22060580,수성구,수성1가동,0.6002,6.2168,89.2543,17.98,3,3,1,61.0,49.9854,33.33,110,14.3097,1133498.58,2.7439,2026072806,5.0,8.0,2.0,0.9041,0.9394,0.0893,0.7956,0.6667,0.9139,6,4.309,0.7182,1.0,71.82,critical,True
22060590,수성구,수성2·3가동,0.6468,4.8928,93.7604,17.98,7,7,4,88.0,108.2317,57.14,110,14.3097,1133498.58,2.7439,2026072806,5.0,8.0,2.0,0.9506,0.9544,0.0893,0.5552,0.4286,0.9139,6,3.892,0.6487,1.0,64.87,critical,True
22060600,수성구,수성4가동,0.6314,7.7264,88.6682,17.98,4,4,1,95.0,63.3487,25.0,110,14.3097,1133498.58,2.7439,2026072806,5.0,8.0,2.0,0.898,0.9223,0.0893,0.7405,0.75,0.9139,6,4.314,0.719,1.0,71.9,critical,True
22060610,수성구,황금1동,2.5979,67.8033,25.781,17.98,3,3,3,20.0,11.548,100.0,110,14.3097,1133498.58,2.7439,2026072806,6.0,8.0,2.0,0.2487,0.2436,0.0893,0.9543,0.0,0.9139,6,2.4498,0.4083,1.0,40.83,low,True
22060620,수성구,황금2동,1.1797,18.9853,76.9819,17.98,4,4,2,112.0,33.9058,50.0,110,14.3097,1133498.58,2.7439,2026072806,5.0,8.0,2.0,0.7774,0.7951,0.0893,0.862,0.5,0.9139,6,3.9377,0.6563,1.0,65.63,critical,True
22060630,수성구,중동,0.8976,7.631,89.5688,17.98,8,8,5,220.0,89.1298,62.5,110,14.3097,1133498.58,2.7439,2026072806,5.0,8.0,2.0,0.9073,0.9234,0.0893,0.634,0.375,0.9139,6,3.8429,0.6405,1.0,64.05,high,True
22060640,수성구,상동,1.3282,9.8725,82.6588,17.98,7,7,3,186.0,52.7041,42.86,110,14.3097,1133498.58,2.7439,2026072806,5.0,8.0,2.0,0.836,0.8981,0.0893,0.7844,0.5714,0.9139,6,4.0931,0.6822,1.0,68.22,critical,True
22060650,수성구,파동,5.8348,80.1976,16.1371,17.98,7,7,5,115.0,11.997,71.43,110,14.3097,1133498.58,2.7439,2026072806,6.0,8.0,2.0,0.1491,0.1036,0.0893,0.9524,0.2857,0.9139,6,2.494,0.4157,1.0,41.57,low,True
22060660,수성구,두산동,1.9608,32.7987,55.5442,17.98,3,3,1,43.0,15.2998,33.33,110,14.3097,1133498.58,2.7439,2026072806,5.0,8.0,2.0,0.556,0.6391,0.0893,0.9388,0.6667,0.9139,6,3.8038,0.634,1.0,63.4,high,True
22060670,수성구,지산1동,2.8498,52.5316,41.6056,17.98,7,6,3,168.0,21.0537,50.0,110,14.3097,1133498.58,2.7439,2026072806,5.0,8.0,2.0,0.4121,0.4162,0.0893,0.915,0.5,0.9139,6,3.2465,0.5411,1.0,54.11,moderate,True
22060680,수성구,지산2동,1.7079,58.3986,38.7929,17.98,4,4,2,80.0,23.4201,50.0,110,14.3097,1133498.58,2.7439,2026072806,6.0,8.0,2.0,0.383,0.3499,0.0893,0.9053,0.5,0.9139,6,3.1414,0.5236,1.0,52.36,low,True
22060690,수성구,범물1동,5.672,85.9767,9.2122,17.98,7,7,4,167.0,12.3413,57.14,110,14.3097,1133498.58,2.7439,2026072806,5.0,8.0,2.0,0.0776,0.0383,0.0893,0.951,0.4286,0.9139,6,2.4987,0.4164,1.0,41.64,low,True
22060700,수성구,범물2동,2.0977,73.4488,21.6007,17.98,3,3,2,70.0,14.3014,66.67,110,14.3097,1133498.58,2.7439,2026072806,5.0,8.0,2.0,0.2055,0.1798,0.0893,0.9429,0.3333,0.9139,6,2.6647,0.4441,1.0,44.41,low,True
22060710,수성구,고산1동,8.8629,84.0545,12.6904,17.98,10,10,5,448.0,11.283,50.0,110,14.3097,1133498.58,2.7439,2026072806,6.0,8.0,2.0,0.1135,0.06,0.0893,0.9554,0.5,0.9139,6,2.6321,0.4387,1.0,43.87,low,True
22060720,수성구,고산2동,24.5374,65.4925,16.9829,17.98,13,13,3,486.0,5.298,23.08,110,14.3097,1133498.58,2.7439,2026072806,6.0,8.0,2.0,0.1578,0.2697,0.0893,0.9801,0.7692,0.9139,6,3.18,0.53,1.0,53.0,moderate,True
22060730,수성구,고산3동,5.2367,24.0063,32.4429,17.98,6,6,1,169.0,11.4576,16.67,110,14.3097,1133498.58,2.7439,2026072806,6.0,8.0,2.0,0.3175,0.7384,0.0893,0.9546,0.8333,0.9139,6,3.847,0.6412,1.0,64.12,high,True
22070550,달서구,두류3동,1.1749,41.8744,54.677,17.39,6,6,4,135.0,51.0665,66.67,43,6.8709,1541488.69,2.8836,2026072806,5.0,8.0,2.0,0.547,0.5366,0.0708,0.7912,0.3333,0.9724,6,3.2513,0.5419,1.0,54.19,moderate,True
22070560,달서구,본리동,1.0927,9.7702,81.7169,17.39,5,5,3,171.0,45.7581,60.0,43,6.8709,1541488.69,2.8836,2026072806,5.0,8.0,2.0,0.8263,0.8993,0.0708,0.8131,0.4,0.9724,6,3.9819,0.6636,1.0,66.36,critical,True
22070570,달서구,감삼동,1.1098,3.6157,90.5877,17.39,7,7,4,219.0,63.072,57.14,43,6.8709,1541488.69,2.8836,2026072806,5.0,8.0,2.0,0.9179,0.9688,0.0708,0.7416,0.4286,0.9724,6,4.1001,0.6834,1.0,68.34,critical,True
22070580,달서구,죽전동,0.8091,4.8919,93.1988,17.39,5,5,2,161.0,61.7986,40.0,43,6.8709,1541488.69,2.8836,2026072806,5.0,8.0,2.0,0.9448,0.9544,0.0708,0.7469,0.6,0.9724,6,4.2893,0.7149,1.0,71.49,critical,True
22070590,달서구,장기동,2.8032,24.899,71.3461,17.39,6,6,2,323.0,21.4039,33.33,43,6.8709,1541488.69,2.8836,2026072806,5.0,8.0,2.0,0.7192,0.7283,0.0708,0.9136,0.6667,0.9724,6,4.071,0.6785,1.0,67.85,critical,True
22070600,달서구,이곡1동,1.8198,38.7965,58.1749,17.39,4,4,1,221.0,21.9807,25.0,43,6.8709,1541488.69,2.8836,2026072806,5.0,9.0,2.0,0.5832,0.5713,0.0708,0.9112,0.75,0.9724,6,3.8589,0.6431,1.0,64.31,high,True
22070610,달서구,신당동,9.0137,30.0915,61.8017,17.39,14,14,6,364.0,15.5319,42.86,43,6.8709,1541488.69,2.8836,2026072806,5.0,9.0,2.0,0.6206,0.6697,0.0708,0.9378,0.5714,0.9724,6,3.8427,0.6405,1.0,64.05,high,True
22070630,달서구,월성2동,7.0014,18.992,70.2166,17.39,7,7,5,301.0,9.9981,71.43,43,6.8709,1541488.69,2.8836,2026072806,5.0,8.0,2.0,0.7075,0.7951,0.0708,0.9607,0.2857,0.9724,6,3.7922,0.632,1.0,63.2,high,True
22070650,달서구,상인1동,1.5031,14.0628,78.5092,17.39,6,6,4,469.0,39.9174,66.67,43,6.8709,1541488.69,2.8836,2026072806,5.0,8.0,2.0,0.7931,0.8508,0.0708,0.8372,0.3333,0.9724,6,3.8576,0.6429,1.0,64.29,high,True
22070660,달서구,상인2동,0.9294,5.0651,92.6709,17.39,5,5,1,230.0,53.8005,20.0,43,6.8709,1541488.69,2.8836,2026072806,5.0,8.0,2.0,0.9394,0.9524,0.0708,0.7799,0.8,0.9724,6,4.5149,0.7525,1.0,75.25,critical,True
22070670,달서구,상인3동,3.6774,83.402,13.253,17.39,2,2,1,102.0,5.4387,50.0,43,6.8709,1541488.69,2.8836,2026072806,5.0,8.0,2.0,0.1193,0.0674,0.0708,0.9795,0.5,0.9724,6,2.7094,0.4516,1.0,45.16,low,True
22070680,달서구,도원동,10.6061,83.3224,10.0112,17.39,16,16,2,543.0,15.0857,12.5,43,6.8709,1541488.69,2.8836,2026072806,5.0,8.0,2.0,0.0858,0.0683,0.0708,0.9397,0.875,0.9724,6,3.012,0.502,1.0,50.2,low,True
22070690,달서구,송현1동,2.4298,55.1649,41.8051,17.39,6,6,3,206.0,24.6932,50.0,43,6.8709,1541488.69,2.8836,2026072806,5.0,8.0,2.0,0.4141,0.3864,0.0708,0.9,0.5,0.9724,6,3.2437,0.5406,1.0,54.06,moderate,True
22070700,달서구,송현2동,0.9639,5.0166,93.2935,17.39,6,6,2,213.0,62.2452,33.33,43,6.8709,1541488.69,2.8836,2026072806,5.0,8.0,2.0,0.9458,0.953,0.0708,0.745,0.6667,0.9724,6,4.3537,0.7256,1.0,72.56,critical,True
22070710,달서구,본동,1.1019,30.3625,63.4659,17.39,8,8,3,275.0,72.6022,37.5,43,6.8709,1541488.69,2.8836,2026072806,5.0,8.0,2.0,0.6378,0.6666,0.0708,0.7023,0.625,0.9724,6,3.6749,0.6125,1.0,61.25,high,True
22070720,달서구,용산1동,1.3216,12.3893,84.4447,17.39,5,5,4,175.0,37.833,80.0,43,6.8709,1541488.69,2.8836,2026072806,5.0,8.0,2.0,0.8544,0.8697,0.0708,0.8458,0.2,0.9724,6,3.8131,0.6355,1.0,63.55,high,True
22070730,달서구,용산2동,1.5134,38.8287,56.904,17.39,5,5,2,776.0,33.0382,40.0,43,6.8709,1541488.69,2.8836,2026072806,5.0,8.0,2.0,0.57,0.571,0.0708,0.8656,0.6,0.9724,6,3.6498,0.6083,1.0,60.83,high,True
22070740,달서구,이곡2동,2.2114,24.7344,73.4689,17.39,6,6,5,165.0,27.1322,83.33,43,6.8709,1541488.69,2.8836,2026072806,5.0,9.0,2.0,0.7411,0.7302,0.0708,0.8899,0.1667,0.9724,6,3.5711,0.5952,1.0,59.52,moderate,True
22070750,달서구,성당동,1.9715,25.6348,70.9028,17.39,9,9,3,404.0,45.6499,33.33,43,6.8709,1541488.69,2.8836,2026072806,5.0,8.0,2.0,0.7146,0.72,0.0708,0.8135,0.6667,0.9724,6,3.958,0.6597,1.0,65.97,critical,True
22070760,달서구,두류1·2동,1.2985,17.4303,77.8514,17.39,5,5,2,308.0,38.5051,40.0,43,6.8709,1541488.69,2.8836,2026072806,5.0,8.0,2.0,0.7863,0.8127,0.0708,0.843,0.6,0.9724,6,4.0852,0.6809,1.0,68.09,critical,True
22070770,달서구,월성1동,1.8942,22.9603,67.0818,17.39,4,4,2,174.0,21.1173,50.0,43,6.8709,1541488.69,2.8836,2026072806,5.0,8.0,2.0,0.6751,0.7502,0.0708,0.9148,0.5,0.9724,6,3.8833,0.6472,1.0,64.72,high,True
22070780,달서구,진천동,5.0911,53.0116,39.8552,17.39,7,7,2,356.0,13.7494,28.57,43,6.8709,1541488.69,2.8836,2026072806,5.0,8.0,2.0,0.394,0.4107,0.0708,0.9452,0.7143,0.9724,6,3.5074,0.5846,1.0,58.46,moderate,True
22070790,달서구,유천동,1.2451,22.249,70.5019,17.39,1,1,1,60.0,8.0315,100.0,43,6.8709,1541488.69,2.8836,2026072806,5.0,9.0,2.0,0.7104,0.7583,0.0708,0.9688,0.0,0.9724,6,3.4807,0.5801,1.0,58.01,moderate,True
22510110,달성군,화원읍,26.4162,70.0266,16.7564,15.13,35,35,8,1369.0,13.2495,22.86,142,3.355,544980.04,2.0971,2026072806,5.0,9.0,2.0,0.1555,0.2185,0.0,0.9472,0.7714,1.0,6,3.0926,0.5154,1.0,51.54,low,True
22510120,달성군,논공읍,44.4835,60.3104,18.6568,15.13,22,22,7,924.0,4.9457,31.82,142,3.355,544980.04,2.0971,2026072806,5.0,9.0,2.0,0.1751,0.3283,0.0,0.9815,0.6818,1.0,6,3.1667,0.5278,1.0,52.78,low,True
22510130,달성군,다사읍,36.2186,59.29,22.2523,15.13,36,36,13,2057.0,9.9397,36.11,142,3.355,544980.04,2.0971,2026072806,5.0,9.0,2.0,0.2122,0.3398,0.0,0.9609,0.6389,1.0,6,3.1518,0.5253,1.0,52.53,low,True
22510140,달성군,유가읍,56.3172,76.7895,9.217,15.13,23,23,4,853.0,4.084,17.39,142,3.355,544980.04,2.0971,2026072806,5.0,9.0,2.0,0.0776,0.1421,0.0,0.9851,0.8261,1.0,6,3.0309,0.5051,1.0,50.52,low,True
22510150,달성군,옥포읍,46.9156,65.879,14.0297,15.13,19,19,2,844.0,4.0498,10.53,142,3.355,544980.04,2.0971,2026072806,5.0,9.0,2.0,0.1273,0.2654,0.0,0.9852,0.8947,1.0,6,3.2726,0.5454,1.0,54.54,moderate,True
22510160,달성군,현풍읍,25.1415,51.1488,17.5139,15.13,25,25,4,1078.0,9.9437,16.0,142,3.355,544980.04,2.0971,2026072806,5.0,9.0,2.0,0.1633,0.4318,0.0,0.9609,0.84,1.0,6,3.396,0.566,1.0,56.6,moderate,True
22510310,달성군,가창면,110.0085,88.239,3.1379,15.13,29,29,2,1029.0,2.6362,6.9,142,3.355,544980.04,2.0971,2026072806,6.0,8.0,2.0,0.0149,0.0128,0.0,0.9911,0.931,1.0,6,2.9498,0.4916,1.0,49.16,low,True
22510320,달성군,하빈면,38.8329,57.5536,14.7479,15.13,29,29,3,1054.0,7.4679,10.34,142,3.355,544980.04,2.0971,2026072806,5.0,9.0,2.0,0.1347,0.3594,0.0,0.9711,0.8966,1.0,6,3.3618,0.5603,1.0,56.03,moderate,True
22510360,달성군,구지면,38.9147,47.1559,21.3421,15.13,37,37,9,1139.0,9.508,24.32,142,3.355,544980.04,2.0971,2026072806,6.0,9.0,2.0,0.2028,0.4769,0.0,0.9627,0.7568,1.0,6,3.3992,0.5665,1.0,56.65,moderate,True
22520111,군위군,군위읍,83.6833,72.1486,7.243,47.04,39,39,1,866.0,4.6604,2.56,,,39391.15,1.7403,2026072806,6.0,7.0,2.0,0.0572,0.1945,1.0,0.9827,0.9744,,5,3.2088,0.6418,0.8333,64.18,high,False
22520311,군위군,소보면,99.9291,79.5262,3.3529,47.04,33,33,0,573.0,3.3023,0.0,,,39391.15,1.7403,2026072806,6.0,8.0,2.0,0.0171,0.1112,1.0,0.9883,1.0,,5,3.1166,0.6233,0.8333,62.33,high,False
22520312,군위군,효령면,98.4672,81.7081,4.6682,47.04,36,36,0,750.0,3.656,0.0,,,39391.15,1.7403,2026072806,6.0,7.0,2.0,0.0307,0.0865,1.0,0.9868,1.0,,5,3.104,0.6208,0.8333,62.08,high,False
22520313,군위군,부계면,64.8319,83.0817,3.9383,47.04,17,17,0,380.0,2.6222,0.0,,,39391.15,1.7403,2026072806,5.0,7.0,2.0,0.0231,0.071,1.0,0.9911,1.0,,5,3.0852,0.617,0.8333,61.7,high,False
22520314,군위군,우보면,60.4379,78.8008,3.5135,47.04,28,28,0,488.0,4.6329,0.0,,,39391.15,1.7403,2026072806,6.0,7.0,2.0,0.0187,0.1194,1.0,0.9828,1.0,,5,3.1209,0.6242,0.8333,62.42,high,False
22520315,군위군,의흥면,54.5955,73.7025,4.5359,47.04,28,28,0,549.0,5.1286,0.0,,,39391.15,1.7403,2026072806,6.0,7.0,2.0,0.0293,0.177,1.0,0.9808,1.0,,5,3.1871,0.6374,0.8333,63.74,high,False
22520316,군위군,산성면,37.0123,77.4184,3.8989,47.04,14,14,0,273.0,3.7825,0.0,,,39391.15,1.7403,2026072806,5.0,7.0,2.0,0.0227,0.135,1.0,0.9863,1.0,,5,3.144,0.6288,0.8333,62.88,high,False
22520317,군위군,삼국유사면,114.7777,89.3679,1.6992,47.04,20,20,0,500.0,1.7425,0.0,,,39391.15,1.7403,2026072806,6.0,7.0,2.0,0.0,0.0,1.0,0.9947,1.0,,5,2.9947,0.5989,0.8333,59.89,moderate,False
